FID,Shape_Leng,shape_id,route_id,agency_id,route_shor,route_long,route_desc,route_type,route_url,route_colo,route_text,route_sort,route_fare,line_id,listed_rou,route_ty_1,Shape__Length
1,0.175045966971,1129916754,1ab5a43c,1,90,modified - MF (Chelsea-Everett-Assembly-Arlington), ,3, ,C9500E,ffffff, ,Local Bus, , ,Bus,22102.1451077439
2,0.168833770226,1129916755,1ab5a43c,1,90,modified - MF (Chelsea-Everett-Assembly-Arlington), ,3, ,C9500E,ffffff, ,Local Bus, , ,Bus,21085.336800269
3,0.121878578726,1129916756,eb90f172,1,T101,modified - HF (Medford-Sullivan-Kendall), ,3, ,005BAA,ffffff, ,Local Bus, , ,Bus,15742.2597677227
4,0.109455738589,1129916757,eb90f172,1,T101,modified - HF (Medford-Sullivan-Kendall), ,3, ,005BAA,ffffff, ,Local Bus, , ,Bus,14202.1049837103
5,0.163992878158,1129916758,05b59cc7,1,T70,modified - HF (Waltham-Watertown-Kendall), ,3, ,C9500E,ffffff, ,Local Bus, , ,Bus,18954.5832387804
6,0.159351842203,1129916759,05b59cc7,1,T70,modified - HF (Waltham-Watertown-Kendall), ,3, ,C9500E,ffffff, ,Local Bus, , ,Bus,18194.7022150566
7,0.0532732266585,1129916760,c9172a68,1,55,modified - MF (Kendall-LMA), ,3, ,613FA6,ffffff, ,Local Bus, , ,Bus,6783.49559482646
8,0.0527468512612,1129916761,c9172a68,1,55,modified - MF (Kendall-LMA), ,3, ,613FA6,ffffff, ,Local Bus, , ,Bus,6691.49690449233
9,0.0707130681585,1129916762,2959244c,1,T32,- HF (Hyde Park-Forest Hills), ,3, ,066A40,ffffff, ,Local Bus, , ,Bus,10254.5604307751
10,0.0679472125831,1129916763,2959244c,1,T32,- HF (Hyde Park-Forest Hills), ,3, ,066A40,ffffff, ,Local Bus, , ,Bus,9901.99845274081
11,0.111306165679,1129916764,6c3794b5,1,T12,- HF (Brookline Village-LMA-Andrew-Downtown), ,3, ,5A8400,ffffff, ,Local Bus, , ,Bus,13813.5371299444
12,0.112775111698,1129916765,6c3794b5,1,T12,- HF (Brookline Village-LMA-Andrew-Downtown), ,3, ,5A8400,ffffff, ,Local Bus, , ,Bus,13519.594071022
13,0.0779939632821,1129916766,30acd4cd,1,T9,- HF (South Boston-Broadway-Copley), ,3, ,613FA6,ffffff, ,Local Bus, , ,Bus,9403.64431883976
14,0.0715649963717,1129916767,30acd4cd,1,T9,- HF (South Boston-Broadway-Copley), ,3, ,613FA6,ffffff, ,Local Bus, , ,Bus,8550.15123831819
15,0.103020375444,1129916768,a0122e3c,1,T110,- HF (Wellington-Everett-Wonderland), ,3, ,5A8400,ffffff, ,Local Bus, , ,Bus,12563.5473845669
16,0.104725665525,1129916769,a0122e3c,1,T110,- HF (Wellington-Everett-Wonderland), ,3, ,5A8400,ffffff, ,Local Bus, , ,Bus,12684.6924916861
17,0.0503005666359,1129916770,c3315f28,1,T31,- HF (Mattapan-Forest Hills), ,3, ,A72051,ffffff, ,Local Bus, , ,Bus,6831.45854000252
18,0.0554440894359,1129916771,c3315f28,1,T31,- HF (Mattapan-Forest Hills), ,3, ,A72051,ffffff, ,Local Bus, , ,Bus,7559.96221053579
19,0.135879228679,1129916772,45cfefec,1,T39,modified - HF (Porter-Central-LMA-Forest Hills), ,3, ,007DBD,ffffff, ,Local Bus, , ,Bus,17915.0593360366
20,0.142618412094,1129916773,45cfefec,1,T39,modified - HF (Porter-Central-LMA-Forest Hills), ,3, ,007DBD,ffffff, ,Local Bus, , ,Bus,18990.1730312031
21,0.0795623477793,1129916774,a4aaba89,1,T8,modified - HF (Harbor Point-Copley), ,3, ,A72051,ffffff, ,Local Bus, , ,Bus,9829.21041185504
22,0.0772770138626,1129916775,a4aaba89,1,T8,modified - HF (Harbor Point-Copley), ,3, ,A72051,ffffff, ,Local Bus, , ,Bus,9736.46254796761
23,0.0909048013063,1129916776,4aae30e1,1,T96,modified - HF (Malden-Medford-Porter), ,3, ,A72051,ffffff, ,Local Bus, , ,Bus,11506.5449656747
24,0.0779171135125,1129916777,4aae30e1,1,T96,modified - HF (Malden-Medford-Porter), ,3, ,A72051,ffffff, ,Local Bus, , ,Bus,9873.71595350214
25,0.108927039681,1129916778,fabc7a29,1,T104,modified - HF (Malden-Everett-Chelsea-Wood Island), ,3, ,005BAA,ffffff, ,Local Bus, , ,Bus,13705.4434952957
26,0.108303773134,1129916779,fabc7a29,1,T104,modified - HF (Malden-Everett-Chelsea-Wood Island), ,3, ,005BAA,ffffff, ,Local Bus, , ,Bus,13723.6046967322
27,0.0855566604178,1129916780,ebbba4cb,1,T16,modified - HF (Forest Hills-Uphams-Andrew), ,3, ,005BAA,ffffff, ,Local Bus, , ,Bus,10688.1386444773
28,0.0857434602458,1129916781,ebbba4cb,1,T16,modified - HF (Forest Hills-Uphams-Andrew), ,3, ,005BAA,ffffff, ,Local Bus, , ,Bus,10644.8988877745
29,0.177655011153,1129916782,c31bc857,1,T15,modified - HF (Oak Square-LMA-Nubian-Kane Square), ,3, ,C9500E,ffffff, ,Local Bus, , ,Bus,21657.2307888594
30,0.174660202387,1129916783,c31bc857,1,T15,modified - HF (Oak Square-LMA-Nubian-Kane Square), ,3, ,C9500E,ffffff, ,Local Bus, , ,Bus,21524.8727825381
31,0.0782336840337,1129916784,7f8208b4,1,T1,- HF (Harvard-Back Bay-Nubian), ,3, ,066A40,ffffff, ,Local Bus, , ,Bus,10029.9986039877
32,0.0755763679615,1129916785,7f8208b4,1,T1,- HF (Harvard-Back Bay-Nubian), ,3, ,066A40,ffffff, ,Local Bus, , ,Bus,9758.67707888645
33,0.0795157677076,1129916786,d4ee30c3,1,T23,- HF (Ashmont-Nubian-Ruggles), ,3, ,066A40,ffffff, ,Local Bus, , ,Bus,10641.0994075811
34,0.0830184355959,1129916787,d4ee30c3,1,T23,- HF (Ashmont-Nubian-Ruggles), ,3, ,066A40,ffffff, ,Local Bus, , ,Bus,10944.6458676344
35,0.122955121185,1129916788,9092f999,1,T28,modified - HF (Mattapan-Nubian-Kenmore), ,3, ,613FA6,ffffff, ,Local Bus, , ,Bus,16587.198131222
36,0.113752798149,1129916789,9092f999,1,T28,modified - HF (Mattapan-Nubian-Kenmore), ,3, ,613FA6,ffffff, ,Local Bus, , ,Bus,15543.8999018263
37,0.107573005984,1129916790,3c9ad353,1,T57,- HF (Watertown Square-Oak Square-Kenmore), ,3, ,5A8400,ffffff, ,Local Bus, , ,Bus,12567.1735997227
38,0.101534982359,1129916791,3c9ad353,1,T57,- HF (Watertown Square-Oak Square-Kenmore), ,3, ,5A8400,ffffff, ,Local Bus, , ,Bus,11899.6798549867
39,0.0791124018075,1129916792,ae75568d,1,T71,- HF (Watertown-Harvard), ,3, ,005BAA,ffffff, ,Local Bus, , ,Bus,9232.24639381612
40,0.0744030251366,1129916793,ae75568d,1,T71,- HF (Watertown-Harvard), ,3, ,005BAA,ffffff, ,Local Bus, , ,Bus,8677.55355339011
41,0.0864784638256,1129916794,40cd6582,1,T73,- HF (Waverly-Harvard), ,3, ,005BAA,ffffff, ,Local Bus, , ,Bus,10115.8447863305
42,0.0797916711285,1129916795,40cd6582,1,T73,- HF (Waverly-Harvard), ,3, ,005BAA,ffffff, ,Local Bus, , ,Bus,9314.36732277903
43,0.0882350808947,1129916796,7b36405c,1,T111,- HF (Woodlawn-Chelsea-Haymarket), ,3, ,613FA6,ffffff, ,Local Bus, , ,Bus,11564.105866041
44,0.0923968028613,1129916797,7b36405c,1,T111,- HF (Woodlawn-Chelsea-Haymarket), ,3, ,613FA6,ffffff, ,Local Bus, , ,Bus,12109.4553348912
45,0.089429607432,1129916798,a5738fe3,1,T116,- HF (Wonderland-Chelsea-Maverick), ,3, ,A92023,ffffff, ,Local Bus, , ,Bus,11857.378791567
46,0.0936916673526,1129916799,a5738fe3,1,T116,- HF (Wonderland-Chelsea-Maverick), ,3, ,A92023,ffffff, ,Local Bus, , ,Bus,12459.8051928849
47,0.0966559736707,1129916800,c05de490,1,T22,modified - HF (Ashmont-LMA), ,3, ,A92023,ffffff, ,Local Bus, , ,Bus,12265.0200420657
48,0.099019890787,1129916801,c05de490,1,T22,modified - HF (Ashmont-LMA), ,3, ,A92023,ffffff, ,Local Bus, , ,Bus,12756.6891519264
49,0.108853436066,1129916802,7f875559,1,T66,modified - HF (Harvard-Allston-Nubian), ,3, ,A72051,ffffff, ,Local Bus, , ,Bus,13827.638369115
50,0.110723076159,1129916803,7f875559,1,T66,modified - HF (Harvard-Allston-Nubian), ,3, ,A72051,ffffff, ,Local Bus, , ,Bus,13982.9773356748
51,0.127959502282,1129916804,02999e9e,1,105,modified - MF (Saugus-Malden), ,3, ,007DBD,ffffff, ,Local Bus, , ,Bus,16606.9377160285
52,0.143822824119,1129916805,02999e9e,1,105,modified - MF (Saugus-Malden), ,3, ,007DBD,ffffff, ,Local Bus, , ,Bus,18807.0519125911
53,0.296593649159,1129916806,812f6b2b,1,133,- WF+ (Anderson-Woburn-Stoneham-Melrose), ,3, ,C9500E,ffffff, ,Local Bus, , ,Bus,37159.0163686209
54,0.271966617237,1129916807,812f6b2b,1,133,- WF+ (Anderson-Woburn-Stoneham-Melrose), ,3, ,C9500E,ffffff, ,Local Bus, , ,Bus,34901.9318922309
55,0.172077184559,1129916808,7c443354,1,350,modified - WF+ (Burlington-Arlington-Alewife), ,3, ,A92023,ffffff, ,Local Bus, , ,Bus,23307.4549286768
56,0.17382939883,1129916809,7c443354,1,350,modified - WF+ (Burlington-Arlington-Alewife), ,3, ,A92023,ffffff, ,Local Bus, , ,Bus,23452.0846791226
57,0.263263052702,1129916810,f2fd8e2d,1,76,modified - XF (Lexington-Alewife), ,3, ,613FA6,ffffff, ,Local Bus, , ,Bus,29850.5193898129
58,0.25922764609,1129916811,f2fd8e2d,1,76,modified - XF (Lexington-Alewife), ,3, ,613FA6,ffffff, ,Local Bus, , ,Bus,29222.063018671
59,0.148498584444,1129916812,18be4e6c,1,87,modified - MF (Turkey Hill-Arlington-Medford-Tufts-Sullivan), ,3, ,A72051,ffffff, ,Local Bus, , ,Bus,18177.0153094672
60,0.158464838682,1129916813,18be4e6c,1,87,modified - MF (Turkey Hill-Arlington-Medford-Tufts-Sullivan), ,3, ,A72051,ffffff, ,Local Bus, , ,Bus,19610.266338634
61,0.144721370255,1129916814,d61640c8,1,59,modified - WF+ (Needham Junction-Newton Highlands-Watertown Square), ,3, ,007DBD,ffffff, ,Local Bus, , ,Bus,19626.4725598531
62,0.145531878481,1129916815,d61640c8,1,59,modified - WF+ (Needham Junction-Newton Highlands-Watertown Square), ,3, ,007DBD,ffffff, ,Local Bus, , ,Bus,19724.226034783
63,0.139707604135,1129916816,2ef5e4b5,1,60,modified - MF (Newton Common-Chestnut Hill-Brookline Village-Fenway), ,3, ,C9500E,ffffff, ,Local Bus, , ,Bus,16987.7348697851
64,0.130806400137,1129916817,2ef5e4b5,1,60,modified - MF (Newton Common-Chestnut Hill-Brookline Village-Fenway), ,3, ,C9500E,ffffff, ,Local Bus, , ,Bus,16246.1903295006
65,0.0826449825556,1129916818,5f6ef0b7,1,19,modified - MF (Fields Corner-Franklin Park-Ruggles), ,3, ,007DBD,ffffff, ,Local Bus, , ,Bus,10562.4231894159
66,0.0844467050374,1129916819,5f6ef0b7,1,19,modified - MF (Fields Corner-Franklin Park-Ruggles), ,3, ,007DBD,ffffff, ,Local Bus, , ,Bus,10587.2962027947
67,0.123045404366,1129916820,366e95c9,1,230,modified - WF+ (Montello-Holbrook-Braintree), ,3, ,005BAA,ffffff, ,Local Bus, , ,Bus,17365.8296318505
68,0.126758981048,1129916821,366e95c9,1,230,modified - WF+ (Montello-Holbrook-Braintree), ,3, ,005BAA,ffffff, ,Local Bus, , ,Bus,17844.260631552
69,0.062493086758,1129916822,5fb62b95,1,225,- WF+ (Quincy Center-Quincy Ave-Weymouth Landing), ,3, ,005BAA,ffffff, ,Local Bus, , ,Bus,8056.28661257052
70,0.0869774228558,1129916823,5fb62b95,1,225,- WF+ (Quincy Center-Quincy Ave-Weymouth Landing), ,3, ,005BAA,ffffff, ,Local Bus, , ,Bus,11428.3053724666
71,0.12302014976,1129916824,3cfa799a,1,238,modified - WF+ (Holbrook/Randolph-Quincy Adams), ,3, ,5A8400,ffffff, ,Local Bus, , ,Bus,16362.3019985849
72,0.141923714835,1129916825,3cfa799a,1,238,modified - WF+ (Holbrook/Randolph-Quincy Adams), ,3, ,5A8400,ffffff, ,Local Bus, , ,Bus,18171.925088105
73,0.147019531932,1129916826,f2e93aea,1,245,- WF (Quincy-Milton-Mattapan), ,3, ,A92023,ffffff, ,Local Bus, , ,Bus,17974.2841779854
74,0.144640683572,1129916827,f2e93aea,1,245,- WF (Quincy-Milton-Mattapan), ,3, ,A92023,ffffff, ,Local Bus, , ,Bus,17627.4370641982
75,0.0985263912324,1129916828,859cc741,1,451,modified - YF (Beverly), ,3, ,613FA6,ffffff, ,Local Bus, , ,Bus,11491.2801206346
76,0.100414649933,1129916829,859cc741,1,451,modified - YF (Beverly), ,3, ,613FA6,ffffff, ,Local Bus, , ,Bus,11903.9481271455
77,0.187308615083,1129916830,9b55e1fe,1,442,modified - MF (Marblehead-Swampscott-Wonderland), ,3, ,5A8400,ffffff, ,Local Bus, , ,Bus,23549.6305888751
78,0.199863632799,1129916831,9b55e1fe,1,442,modified - MF (Marblehead-Swampscott-Wonderland), ,3, ,5A8400,ffffff, ,Local Bus, , ,Bus,25158.1845021656
79,0.232652571866,1129916832,701a448a,1,436,modified - WF+ (Liberty Tree Mall-Lynnfield-Lynn), ,3, ,A92023,ffffff, ,Local Bus, , ,Bus,29062.0457238943
80,0.220706415589,1129916833,701a448a,1,436,modified - WF+ (Liberty Tree Mall-Lynnfield-Lynn), ,3, ,A92023,ffffff, ,Local Bus, , ,Bus,27682.3842176134
81,0.258611902856,1129916834,c4bc3d86,1,435,modified - MF (Salem Depot-Peabody-Lynn), ,3, ,A72051,ffffff, ,Local Bus, , ,Bus,32842.689641928
82,0.264190821362,1129916835,c4bc3d86,1,435,modified - MF (Salem Depot-Peabody-Lynn), ,3, ,A72051,ffffff, ,Local Bus, , ,Bus,33602.1078786056
83,0.160807193146,1129916836,70f3b30f,1,426,modified - MF (Lynn-Saugus-Wonderland), ,3, ,005BAA,ffffff, ,Local Bus, , ,Bus,20050.9163509927
84,0.153995525162,1129916837,70f3b30f,1,426,modified - MF (Lynn-Saugus-Wonderland), ,3, ,005BAA,ffffff, ,Local Bus, , ,Bus,19238.0935941123
85,0.140884372228,1129916838,23c7d321,1,429,modified - MF (Lynnfield-Lynn), ,3, ,C9500E,ffffff, ,Local Bus, , ,Bus,18165.5055447522
86,0.141664237588,1129916839,23c7d321,1,429,modified - MF (Lynnfield-Lynn), ,3, ,C9500E,ffffff, ,Local Bus, , ,Bus,18302.4871698838
87,0.156781378016,1129916840,e64dd05a,1,52,modified - WF+ (Charles River Loop-Newton Center-Watertown), ,3, ,A92023,ffffff, ,Local Bus, , ,Bus,21022.5931674045
88,0.160406227898,1129916841,e64dd05a,1,52,modified - WF+ (Charles River Loop-Newton Center-Watertown), ,3, ,A92023,ffffff, ,Local Bus, , ,Bus,21461.344697359
89,0.106124628339,1129916842,5aa28a07,1,14,modified - MF (Cleary Sq-American Legion Hwy-Nubian), ,3, ,613FA6,ffffff, ,Local Bus, , ,Bus,14301.9560762442
90,0.10875106352,1129916843,5aa28a07,1,14,modified - MF (Cleary Sq-American Legion Hwy-Nubian), ,3, ,613FA6,ffffff, ,Local Bus, , ,Bus,14605.258602507
91,0.10532203754,1129916844,268c9144,1,36,modified - MF (Dedham Mall-VA Hospital-Forest Hills), ,3, ,613FA6,ffffff, ,Local Bus, , ,Bus,13524.9754031609
92,0.115427230918,1129916845,268c9144,1,36,modified - MF (Dedham Mall-VA Hospital-Forest Hills), ,3, ,613FA6,ffffff, ,Local Bus, , ,Bus,14730.1483505222
93,0.107041038457,1129916846,c5e903d4,1,35,- MF (Dedham Mall-Centre St-Forest Hills), ,3, ,613FA6,ffffff, ,Local Bus, , ,Bus,13636.1118012515
94,0.106058987192,1129916847,c5e903d4,1,35,- MF (Dedham Mall-Centre St-Forest Hills), ,3, ,613FA6,ffffff, ,Local Bus, , ,Bus,13608.6991455305
95,0.19189979948,1129916848,04c009b8,1,455,modified - MF (Salem-Swampscott-Wonderland), ,3, ,613FA6,ffffff, ,Local Bus, , ,Bus,24989.9596671617
96,0.182590211031,1129916849,04c009b8,1,455,modified - MF (Salem-Swampscott-Wonderland), ,3, ,613FA6,ffffff, ,Local Bus, , ,Bus,23806.4089252371
97,0.0644356644548,1129916850,0a85209c,1,30,- MF (Mattapan-Forest Hills), ,3, ,C9500E,ffffff, ,Local Bus, , ,Bus,8094.39801623908
98,0.0672012171591,1129916851,0a85209c,1,30,- MF (Mattapan-Forest Hills), ,3, ,C9500E,ffffff, ,Local Bus, , ,Bus,8496.62341657619
99,0.0891026872988,1129916852,3f295b6e,1,210,modified - MF (Quincy-North Quincy-Ashmont), ,3, ,5A8400,ffffff, ,Local Bus, , ,Bus,11307.2289158134
100,0.0887156924882,1129916853,3f295b6e,1,210,modified - MF (Quincy-North Quincy-Ashmont), ,3, ,5A8400,ffffff, ,Local Bus, , ,Bus,11299.5974524945
101,0.0821004733591,1129916854,1d1e6228,1,236,modified - WF+ (Braintree-Quincy), ,3, ,005BAA,ffffff, ,Local Bus, , ,Bus,10592.5415158437
102,0.0812426028524,1129916855,1d1e6228,1,236,modified - WF+ (Braintree-Quincy), ,3, ,005BAA,ffffff, ,Local Bus, , ,Bus,10422.0678600922
103,0.0560462564081,1129916856,58f31d7e,1,11,modified - WF+ (South Boston-Broadway), ,3, ,007DBD,ffffff, ,Local Bus, , ,Bus,6846.92758742263
104,0.062809703829,1129916857,58f31d7e,1,11,modified - WF+ (South Boston-Broadway), ,3, ,007DBD,ffffff, ,Local Bus, , ,Bus,7631.30297505975
105,0.218926264914,1129916858,0635f1b3,1,61,modified - WF (Waltham-Watertown), ,3, ,005BAA,ffffff, ,Local Bus, , ,Bus,27416.7592862695
106,0.149259752951,1129916859,0635f1b3,1,61,modified - WF (Waltham-Watertown), ,3, ,005BAA,ffffff, ,Local Bus, , ,Bus,19182.0635915522
107,0.177914143734,1129916860,db3ddb26,1,54,- MF (Arlington-Waltham-Riverside), ,3, ,5A8400,ffffff, ,Local Bus, , ,Bus,22915.9662236248
108,0.180734585151,1129916861,db3ddb26,1,54,- MF (Arlington-Waltham-Riverside), ,3, ,5A8400,ffffff, ,Local Bus, , ,Bus,23277.5565137056
109,0.166825126936,1129916862,8649e7d7,1,217,- XF (Quincy-Milton-Ashmont), ,3, ,007DBD,ffffff, ,Local Bus, , ,Bus,20825.3989124553
110,0.155323668526,1129916863,8649e7d7,1,217,- XF (Quincy-Milton-Ashmont), ,3, ,007DBD,ffffff, ,Local Bus, , ,Bus,20286.5766115996
111,0.0661927941228,1129916864,25c85705,1,225,(variant) - WF+ (Quincy Center-South St-Weymouth Landing)), ,3, ,066A40,ffffff, ,Local Bus, , ,Bus,8531.83490223101
112,0.0911606034261,1129916865,25c85705,1,225,(variant) - WF+ (Quincy Center-South St-Weymouth Landing)), ,3, ,066A40,ffffff, ,Local Bus, , ,Bus,11955.9268234142
113,0.155455424058,1129916866,ea79dd12,1,504,- XF2 (Watertown-Downtown), ,3, ,5A8400,ffffff, ,Inner Express, , ,Bus,18177.881740653
114,0.145319428523,1129916867,ea79dd12,1,504,- XF2 (Watertown-Downtown), ,3, ,5A8400,ffffff, ,Inner Express, , ,Bus,16961.0975759275
115,0.179339441107,1129916868,fe061384,1,501,- XF2 (Brighton-Downtown), ,3, ,613FA6,ffffff, ,Inner Express, , ,Bus,20876.4350848219
116,0.185948102601,1129916869,fe061384,1,501,- XF2 (Brighton-Downtown), ,3, ,613FA6,ffffff, ,Inner Express, , ,Bus,21554.6882293296
117,0.163569355839,1129916870,e6ed88ab,1,24,modified - MF (Dedham Mall-Hyde Park-Mattapan-Ashmont), ,3, ,005BAA,ffffff, ,Local Bus, , ,Bus,20076.754600292
118,0.163298324194,1129916871,e6ed88ab,1,24,modified - MF (Dedham Mall-Hyde Park-Mattapan-Ashmont), ,3, ,005BAA,ffffff, ,Local Bus, , ,Bus,19812.2012476753
119,0.0655378657179,1129916872,d2883021,1,21,- MF (Ashmont-Forest Hills), ,3, ,C9500E,ffffff, ,Local Bus, , ,Bus,8201.28955199069
120,0.0647919333581,1129916873,d2883021,1,21,- MF (Ashmont-Forest Hills), ,3, ,C9500E,ffffff, ,Local Bus, , ,Bus,8139.66171262375
121,0.0837565984779,1129916874,ad839768,1,42,modified - MF (Forest Hills-Nubian-Broadway), ,3, ,613FA6,ffffff, ,Local Bus, , ,Bus,10518.1220337944
122,0.0861674090737,1129916875,ad839768,1,42,modified - MF (Forest Hills-Nubian-Broadway), ,3, ,613FA6,ffffff, ,Local Bus, , ,Bus,11018.6403423872
123,0.128364313734,1129916876,355188f2,1,215,modified - MF (Quincy Center-East Milton-Fields Corner), ,3, ,066A40,ffffff, ,Local Bus, , ,Bus,16674.9046984574
124,0.131552679841,1129916877,355188f2,1,215,modified - MF (Quincy Center-East Milton-Fields Corner), ,3, ,066A40,ffffff, ,Local Bus, , ,Bus,17051.2867374492
125,0.0633275494307,1129916878,03d393e5,1,26,modified - MF (Mattapan-Fields Corner), ,3, ,005BAA,ffffff, ,Local Bus, , ,Bus,8367.12079784714
126,0.0708928734462,1129916879,03d393e5,1,26,modified - MF (Mattapan-Fields Corner), ,3, ,005BAA,ffffff, ,Local Bus, , ,Bus,9361.44787027484
127,0.0971775072708,1129916880,95b5fb47,1,95,modified - MF (Arlington-Medford-Wellington), ,3, ,613FA6,ffffff, ,Local Bus, , ,Bus,11476.1074891728
128,0.103235552829,1129916881,95b5fb47,1,95,modified - MF (Arlington-Medford-Wellington), ,3, ,613FA6,ffffff, ,Local Bus, , ,Bus,12317.3780292346
129,0.175240760055,1129916882,3c42249d,1,120,modified - MF (Winthrop-Maverick), ,3, ,C9500E,ffffff, ,Local Bus, , ,Bus,21238.7565734338
130,0.150361216693,1129916883,3c42249d,1,120,modified - MF (Winthrop-Maverick), ,3, ,C9500E,ffffff, ,Local Bus, , ,Bus,18627.4878727478
131,0.166067057095,1129916884,579c9dab,1,119,modified - MF (Winthrop-Revere), ,3, ,613FA6,ffffff, ,Local Bus, , ,Bus,20363.7027510791
132,0.15741182055,1129916885,579c9dab,1,119,modified - MF (Winthrop-Revere), ,3, ,613FA6,ffffff, ,Local Bus, , ,Bus,19262.7957738342
133,0.124618113527,1129916886,dd40a6ff,1,106,modified - MF (Lebanon Loop-Wellington), ,3, ,A72051,ffffff, ,Local Bus, , ,Bus,15385.4991084604
134,0.107553713645,1129916887,dd40a6ff,1,106,modified - MF (Lebanon Loop-Wellington), ,3, ,A72051,ffffff, ,Local Bus, , ,Bus,13520.421195283
135,0.164510799012,1129916888,29f549c5,1,137,modified - WF+ (Reading-Wakefield-Malden), ,3, ,A92023,ffffff, ,Local Bus, , ,Bus,22145.30183229
136,0.149560503142,1129916889,29f549c5,1,137,modified - WF+ (Reading-Wakefield-Malden), ,3, ,A92023,ffffff, ,Local Bus, , ,Bus,20785.155943576
137,0.127101181648,1129916890,bb6f4e39,1,100,modified - WF+ (Medford-Fellsway-Wellington), ,3, ,066A40,ffffff, ,Local Bus, , ,Bus,16361.0319600195
138,0.123241599383,1129916891,bb6f4e39,1,100,modified - WF+ (Medford-Fellsway-Wellington), ,3, ,066A40,ffffff, ,Local Bus, , ,Bus,15932.9954952069
139,0.215086549576,1129916892,526904f0,1,94,modified - WF+ (Burlington-Woburn-Winchester-Davis), ,3, ,5A8400,ffffff, ,Local Bus, , ,Bus,28015.6576010893
140,0.214633666665,1129916893,526904f0,1,94,modified - WF+ (Burlington-Woburn-Winchester-Davis), ,3, ,5A8400,ffffff, ,Local Bus, , ,Bus,28008.7477839403
141,0.0703788434734,1129916894,7d48965d,1,83,modified - MF (Rindge-Porter-Inman-Kendall), ,3, ,066A40,ffffff, ,Local Bus, , ,Bus,8617.4683852238
142,0.0716618908955,1129916895,7d48965d,1,83,modified - MF (Rindge-Porter-Inman-Kendall), ,3, ,066A40,ffffff, ,Local Bus, , ,Bus,8775.49085484936
143,0.249994317111,1129916896,bfab809e,1,34E,modified - WF+ (Walpole-Dedham-Forest Hills), ,3, ,005BAA,ffffff, ,Local Bus, , ,Bus,32377.4629533798
144,0.248510237925,1129916897,bfab809e,1,34E,modified - WF+ (Walpole-Dedham-Forest Hills), ,3, ,005BAA,ffffff, ,Local Bus, , ,Bus,32263.1383003291
145,0.112895727116,1129916898,981f803e,1,216,- MF (Houghs Neck-Quincy), ,3, ,A72051,ffffff, ,Local Bus, , ,Bus,11934.5783026358
146,0.114714787805,1129916899,981f803e,1,216,- MF (Houghs Neck-Quincy), ,3, ,A72051,ffffff, ,Local Bus, , ,Bus,11834.9216155881
147,0.108162675259,1129916900,9beade22,1,237,- WF+ (South Shore Plaza-Quincy), ,3, ,C9500E,ffffff, ,Local Bus, , ,Bus,14631.6625276344
148,0.108491607819,1129916901,9beade22,1,237,- WF+ (South Shore Plaza-Quincy), ,3, ,C9500E,ffffff, ,Local Bus, , ,Bus,14719.9561183317
149,0.0476043300621,1129916902,050ef028,1,43,- YF (Ruggles-Park Street), ,3, ,007DBD,ffffff, ,Local Bus, , ,Bus,6055.64770999603
150,0.0356805539467,1129916903,050ef028,1,43,- YF (Ruggles-Park Street), ,3, ,007DBD,ffffff, ,Local Bus, , ,Bus,4594.26928229873
151,0.149281057985,1129916904,f8726627,1,714,modified - WF (Hull-Hingham), ,3, ,005BAA,ffffff, ,Local Bus, , ,Bus,18601.9684462948
152,0.151297343511,1129916905,f8726627,1,714,modified - WF (Hull-Hingham), ,3, ,005BAA,ffffff, ,Local Bus, , ,Bus,18986.5243740804
153,0.18704394593,1129916906,354986e4,1,716,- YF (Cobbs Corner-Canton-Mattapan), ,3, ,613FA6,ffffff, ,Local Bus, , ,Bus,23900.9815420584
154,0.188026059712,1129916907,354986e4,1,716,- YF (Cobbs Corner-Canton-Mattapan), ,3, ,613FA6,ffffff, ,Local Bus, , ,Bus,24046.0822301485
155,0.192494603419,1129916908,0209c42e,1,450,modified - MF (Salem-Lynn-Wonderland), ,3, ,066A40,ffffff, ,Local Bus, , ,Bus,25149.7664960645
156,0.184661564677,1129916909,0209c42e,1,450,modified - MF (Salem-Lynn-Wonderland), ,3, ,066A40,ffffff, ,Local Bus, , ,Bus,24108.618155624
157,0.0994229788577,1129916910,e276ae5c,1,439,modified - YF (Nahant-Lynn), ,3, ,C9500E,ffffff, ,Local Bus, , ,Bus,12757.205041166
158,0.0502880532309,1129916911,e276ae5c,1,439,modified - YF (Nahant-Lynn), ,3, ,C9500E,ffffff, ,Local Bus, , ,Bus,6975.06087719288
159,0.168651008392,1129916912,1671039b,1,131,modified - MF (Melrose-Saugus-Lynn), ,3, ,066A40,ffffff, ,Local Bus, , ,Bus,20749.4218484429
160,0.199476308269,1129916913,1671039b,1,131,modified - MF (Melrose-Saugus-Lynn), ,3, ,066A40,ffffff, ,Local Bus, , ,Bus,23074.5671021334
161,0.132174727875,1129916914,4dd77aba,1,51,- WF+ (Reservoir-Bellevue-Forest Hills), ,3, ,A72051,ffffff, ,Local Bus, , ,Bus,16830.0194505663
162,0.131359324088,1129916915,4dd77aba,1,51,- WF+ (Reservoir-Bellevue-Forest Hills), ,3, ,A72051,ffffff, ,Local Bus, , ,Bus,16764.2523216564
163,0.128875857122,1129916916,f27468be,1,34,modified - MF (Legacy Place-Forest Hills), ,3, ,A92023,ffffff, ,Local Bus, , ,Bus,16803.1902482876
164,0.134521995562,1129916917,f27468be,1,34,modified - MF (Legacy Place-Forest Hills), ,3, ,A92023,ffffff, ,Local Bus, , ,Bus,17115.2916382379
165,0.106176618087,1129916918,789af8bb,1,50,modified - WF+ (Readville-Fairmount-Hyde Park-Forest Hills), ,3, ,5A8400,ffffff, ,Local Bus, , ,Bus,13787.9605789173
166,0.109470475551,1129916919,789af8bb,1,50,modified - WF+ (Readville-Fairmount-Hyde Park-Forest Hills), ,3, ,5A8400,ffffff, ,Local Bus, , ,Bus,14173.6618303764
167,0.107046231365,1129916920,1945dbdb,1,40,modified - WF+ (Readville-Germantown-West Roxbury-Forest Hills), ,3, ,066A40,ffffff, ,Local Bus, , ,Bus,13764.1833340108
168,0.109900737936,1129916921,1945dbdb,1,40,modified - WF+ (Readville-Germantown-West Roxbury-Forest Hills), ,3, ,066A40,ffffff, ,Local Bus, , ,Bus,14115.9799265155
169,0.135814915627,1129916922,9cae6a7d,1,220,- MF (Hingham Depot-Quincy), ,3, ,A72051,ffffff, ,Local Bus, , ,Bus,15978.0222317869
170,0.137114906301,1129916923,9cae6a7d,1,220,- MF (Hingham Depot-Quincy), ,3, ,A72051,ffffff, ,Local Bus, , ,Bus,16156.3922800894
171,0.106525014961,1129916924,6cf2fbfa,1,211,- WF+ (Squantum-North Quincy-Quincy), ,3, ,005BAA,ffffff, ,Local Bus, , ,Bus,13804.4364134963
172,0.0891723840939,1129916925,6cf2fbfa,1,211,- WF+ (Squantum-North Quincy-Quincy), ,3, ,005BAA,ffffff, ,Local Bus, , ,Bus,11630.5881840439
173,0.097335801329,1129916926,299ca0ab,1,132,- WF+ (Stoneham-Malden), ,3, ,007DBD,ffffff, ,Local Bus, , ,Bus,13276.2790392914
174,0.101287820304,1129916927,299ca0ab,1,132,- WF+ (Stoneham-Malden), ,3, ,007DBD,ffffff, ,Local Bus, , ,Bus,13782.2858442824
175,0.0934969259461,1129916928,85cac270,1,53,- WF (Waltham-Brandeis-Riverside), ,3, ,A92023,ffffff, ,Local Bus, , ,Bus,12109.408586065
176,0.0925887797101,1129916929,85cac270,1,53,- WF (Waltham-Brandeis-Riverside), ,3, ,A92023,ffffff, ,Local Bus, , ,Bus,12036.4413382774
177,0.0554686101367,1129916930,6d236920,1,18,modified - YF (Ashmont-JFK/UMass), ,3, ,613FA6,ffffff, ,Local Bus, , ,Bus,7991.0623045105
178,0.0772787152895,1129916931,6d236920,1,18,modified - YF (Ashmont-JFK/UMass), ,3, ,613FA6,ffffff, ,Local Bus, , ,Bus,11124.0331787939
179,0.115532391593,1129916932,7ca8dbdb,1,20,- WF (Ashmont-Field's Corner), ,3, ,613FA6,ffffff, ,Local Bus, , ,Bus,13947.2070756303
180,0.106051328294,1129916933,7ca8dbdb,1,20,- WF (Ashmont-Field's Corner), ,3, ,613FA6,ffffff, ,Local Bus, , ,Bus,13354.9807630178
181,0.0303781444544,1129916934,0e4b4b61,1,29,modified - YF (Ashmont-Franklin Field), ,3, ,A72051,ffffff, ,Local Bus, , ,Bus,3736.37393546517
182,0.0324112131087,1129916935,0e4b4b61,1,29,modified - YF (Ashmont-Franklin Field), ,3, ,A72051,ffffff, ,Local Bus, , ,Bus,4010.34410767227
183,0.109841235876,1129916936,bdc35076,1,10,modified - MF (South Boston-Andrew-Ruggles), ,3, ,005BAA,ffffff, ,Local Bus, , ,Bus,13255.1433951152
184,0.102129608981,1129916937,bdc35076,1,10,modified - MF (South Boston-Andrew-Ruggles), ,3, ,005BAA,ffffff, ,Local Bus, , ,Bus,12508.3960514821
185,0.123541913601,1129916938,473901c9,1,222,modified - MF (Lovell Corners-Quincy Center), ,3, ,005BAA,ffffff, ,Local Bus, , ,Bus,15557.5785257352
186,0.13404699881,1129916939,473901c9,1,222,modified - MF (Lovell Corners-Quincy Center), ,3, ,005BAA,ffffff, ,Local Bus, , ,Bus,16865.0105447161
187,0.110099698571,1129916940,0c7110a3,1,226,- WF+ (Columbian Square-Braintree), ,3, ,613FA6,ffffff, ,Local Bus, , ,Bus,14302.6154704337
188,0.105083958073,1129916941,0c7110a3,1,226,- WF+ (Columbian Square-Braintree), ,3, ,613FA6,ffffff, ,Local Bus, , ,Bus,13592.7295875898
189,0.179961338512,1129916942,7d9fd31a,1,240,modified - WF+ (Avon-Randolph-Milton-Ashmont), ,3, ,A92023,ffffff, ,Local Bus, , ,Bus,25550.4891119562
190,0.183822370346,1129916943,7d9fd31a,1,240,modified - WF+ (Avon-Randolph-Milton-Ashmont), ,3, ,A92023,ffffff, ,Local Bus, , ,Bus,26081.2060351151
191,0.0563342749002,1129916944,07026ffe,1,108,modified - MF (Malden Center-Kennedy Drive), ,3, ,613FA6,ffffff, ,Local Bus, , ,Bus,6849.962889273
192,0.0630201867284,1129916945,07026ffe,1,108,modified - MF (Malden Center-Kennedy Drive), ,3, ,613FA6,ffffff, ,Local Bus, , ,Bus,7691.75856278637
193,0.208030385644,1129916946,f872431b,1,62,- WF+ (Bedford-Lexington-Alewife), ,3, ,5A8400,ffffff, ,Local Bus, , ,Bus,26657.1549782329
194,0.214139691461,1129916947,f872431b,1,62,- WF+ (Bedford-Lexington-Alewife), ,3, ,5A8400,ffffff, ,Local Bus, , ,Bus,27357.4502000587
195,0.0467570118638,1129916948,d8e4128b,1,69,- MF (Harvard-Lechmere), ,3, ,A72051,ffffff, ,Local Bus, , ,Bus,5487.47737993592
196,0.0510995934885,1129916949,d8e4128b,1,69,- MF (Harvard-Lechmere), ,3, ,A72051,ffffff, ,Local Bus, , ,Bus,5975.37582512224
197,0.0372932980542,1129916950,5c8575e5,1,70,modified (variant) - MF (MarketPlace Drive-Waltham Square), ,3, ,5A8400,ffffff, ,Local Bus, , ,Bus,4392.24086634796
198,0.0374467056621,1129916951,5c8575e5,1,70,modified (variant) - MF (MarketPlace Drive-Waltham Square), ,3, ,5A8400,ffffff, ,Local Bus, , ,Bus,4466.83562246194
199,0.0973653145199,1129916954,5aadc3d0,1,351,- XF (Burlington Peak), ,3, ,066A40,ffffff, ,Local Bus, , ,Bus,11920.6645301503
200,0.0744714805869,1129916955,5aadc3d0,1,351,- XF (Burlington Peak), ,3, ,066A40,ffffff, ,Local Bus, , ,Bus,9277.39756079599
201,0.0405186200407,1129916956,55389ed8,1,SL4/SL5,combined - HF (Nubian-South Station), ,3, ,7c878e,ffffff, ,Local Bus, , ,Bus,5310.39360482032
202,0.0437437320637,1129916957,55389ed8,1,SL4/SL5,combined - HF (Nubian-South Station), ,3, ,7c878e,ffffff, ,Local Bus, , ,Bus,5724.94082808369
203,0.100615378006,1129916958,4829de2b,1,64,modified - MF (Oak Square-Kendall/MIT), ,3, ,ac7e00,ffffff, ,Local Bus, , ,Bus,12089.846730798
204,0.107160646438,1129916959,4829de2b,1,64,modified - MF (Oak Square-Kendall/MIT), ,3, ,ac7e00,ffffff, ,Local Bus, , ,Bus,12934.7276615777
205,0.232977143596,1129916960,d247a180,1,505,modified - XF2 (Waltham-Watertown-Downtown), ,3, ,613FA6,ffffff, ,Inner Express, , ,Bus,27755.3746638576
206,0.216546017399,1129916961,d247a180,1,505,modified - XF2 (Waltham-Watertown-Downtown), ,3, ,613FA6,ffffff, ,Inner Express, , ,Bus,25647.2174689937
207,0.0408338450035,1129916962,57dbd1eb,1,68,- XF (Harvard-Kendall/MIT), ,3, ,ac7e00,ffffff, ,Local Bus, , ,Bus,4876.82191101444
208,0.0389299816477,1129916963,57dbd1eb,1,68,- XF (Harvard-Kendall/MIT), ,3, ,ac7e00,ffffff, ,Local Bus, , ,Bus,4675.1392300466
209,0.109383027969,1129916964,a4eb9c98,1,T7,modified - HF (Sullivan-Charlestown-South Boston), ,3, ,066A40,ffffff, ,Local Bus, , ,Bus,13736.3115298974
210,0.0942106121415,1129916965,a4eb9c98,1,T7,modified - HF (Sullivan-Charlestown-South Boston), ,3, ,066A40,ffffff, ,Local Bus, , ,Bus,11819.0470021837
211,0.0501367629625,1129916966,6e309b63,1,SLW,modified - XF4 (Design Center - South Station), ,3, ,7c878e,ffffff, ,Local Bus, , ,Bus,5856.18221408548
212,0.0272289055651,1129916967,6e309b63,1,SLW,modified - XF4 (Design Center - South Station), ,3, ,7c878e,ffffff, ,Local Bus, , ,Bus,3291.61264770951
213,0.0761820279384,1129916968,938ad1e0,1,112,modified - WF (Admiral's Hill-Quigley Hospital), ,3, ,5A8400,ffffff, ,Local Bus, , ,Bus,7267.170085142
214,0.0332709330971,1129916969,938ad1e0,1,112,modified - WF (Admiral's Hill-Quigley Hospital), ,3, ,5A8400,ffffff, ,Local Bus, , ,Bus,2871.70603668582
215,0.0821004804941,1129916970,3accf543,1,SL1,- HF (Logan Airport-South Station), ,3, ,7c878e,ffffff, ,Local Bus, , ,Bus,10610.8899009566
216,0.0702010675095,1129916971,3accf543,1,SL1,- HF (Logan Airport-South Station), ,3, ,7c878e,ffffff, ,Local Bus, , ,Bus,8925.65822787281
217,0.104841931815,1129916972,0395b783,1,SL3,- HF (Chelsea-South Station), ,3, ,7c878e,ffffff, ,Local Bus, , ,Bus,13504.9614198383
218,0.107811801557,1129916973,0395b783,1,SL3,- HF (Chelsea-South Station), ,3, ,7c878e,ffffff, ,Local Bus, , ,Bus,13889.2344826237
219,0.107082903823,1129916974,aada2de7,1,38,modified - WF+ (West Roxbury-Nubian), ,3, ,5A8400,ffffff, ,Local Bus, , ,Bus,13324.8414257671
220,0.101638174097,1129916975,aada2de7,1,38,modified - WF+ (West Roxbury-Nubian), ,3, ,5A8400,ffffff, ,Local Bus, , ,Bus,12933.8280612163
221,0.0794179288496,1129916976,e6286872,1,75,- MF (Belmont-Harvard), ,3, ,A92023,ffffff, ,Local Bus, , ,Bus,9771.35700870392
222,0.0823560319586,1129916977,e6286872,1,75,- MF (Belmont-Harvard), ,3, ,A92023,ffffff, ,Local Bus, , ,Bus,10094.853414897
223,0.124029964312,1129916978,4f0ee5e6,1,78,- WF+ (Arlmont Village-Harvard), ,3, ,C9500E,ffffff, ,Local Bus, , ,Bus,15264.9224697008
224,0.145349331328,1129916979,4f0ee5e6,1,78,- WF+ (Arlmont Village-Harvard), ,3, ,C9500E,ffffff, ,Local Bus, , ,Bus,17787.5040187952
225,0.0981011570361,1129916980,a47c7a02,1,T77,- HF (Arlington-Porter-Harvard), ,3, ,5A8400,ffffff, ,Local Bus, , ,Bus,12438.7083400739
226,0.0970594151011,1129916981,a47c7a02,1,T77,- HF (Arlington-Porter-Harvard), ,3, ,5A8400,ffffff, ,Local Bus, , ,Bus,12304.9232384145
227,0.133803673542,1129916982,66c57cba,1,T109,modified - HF (Everett-Sullivan-Harvard), ,3, ,613FA6,ffffff, ,Local Bus, , ,Bus,16998.8712734172
228,0.141379833837,1129916983,66c57cba,1,T109,modified - HF (Everett-Sullivan-Harvard), ,3, ,613FA6,ffffff, ,Local Bus, , ,Bus,17993.3610908721
229,0.0709641382709,1129916984,f03ffdfb,1,86,modified - MF (Reservoir-Allston-Harvard), ,3, ,5A8400,ffffff, ,Local Bus, , ,Bus,9249.71035021438
230,0.0683166163854,1129916985,f03ffdfb,1,86,modified - MF (Reservoir-Allston-Harvard), ,3, ,5A8400,ffffff, ,Local Bus, , ,Bus,8903.3125307509
231,0.0873423484422,1129916986,54990669,1,99,modified - WF+ (Melrose-Malden-Wellington), ,3, ,613FA6,ffffff, ,Local Bus, , ,Bus,11561.3664211608
232,0.0883501681676,1129916987,54990669,1,99,modified - WF+ (Melrose-Malden-Wellington), ,3, ,613FA6,ffffff, ,Local Bus, , ,Bus,11595.4187690603
233,0.11228919753,8000001,Green-E,1,E,Green Line E,Rapid Transit,0,https://www.mbta.com/schedules/Green-E,00843D,FFFFFF,10035,Rapid Transit,line-Green, ,"Tram, Streetcar, Light rail",13787.8541210969
234,0.11182072034,8000002,Green-E,1,E,Green Line E,Rapid Transit,0,https://www.mbta.com/schedules/Green-E,00843D,FFFFFF,10035,Rapid Transit,line-Green, ,"Tram, Streetcar, Light rail",13726.1914615916
235,0.0960999304854,8000005,Green-C,1,C,Green Line C,Rapid Transit,0,https://www.mbta.com/schedules/Green-C,00843D,FFFFFF,10033,Rapid Transit,line-Green, ,"Tram, Streetcar, Light rail",11150.4378893682
236,0.0960472859726,8000006,Green-C,1,C,Green Line C,Rapid Transit,0,https://www.mbta.com/schedules/Green-C,00843D,FFFFFF,10033,Rapid Transit,line-Green, ,"Tram, Streetcar, Light rail",11143.2809296543
237,0.224587855191,8000007,Green-D,1,D,Green Line D,Rapid Transit,0,https://www.mbta.com/schedules/Green-D,00843D,FFFFFF,10034,Rapid Transit,line-Green, ,"Tram, Streetcar, Light rail",26980.9077005743
238,0.261754266521,8000008,Green-D,1,D,Green Line D,Rapid Transit,0,https://www.mbta.com/schedules/Green-D,00843D,FFFFFF,10034,Rapid Transit,line-Green, ,"Tram, Streetcar, Light rail",31386.8593056569
239,0.262224986662,8000009,Green-D,1,D,Green Line D,Rapid Transit,0,https://www.mbta.com/schedules/Green-D,00843D,FFFFFF,10034,Rapid Transit,line-Green, ,"Tram, Streetcar, Light rail",31448.7934739808
240,0.22458727584,8000010,Green-D,1,D,Green Line D,Rapid Transit,0,https://www.mbta.com/schedules/Green-D,00843D,FFFFFF,10034,Rapid Transit,line-Green, ,"Tram, Streetcar, Light rail",26980.80570322
241,0.118764928896,8000012,Green-B,1,B,Green Line B,Rapid Transit,0,https://www.mbta.com/schedules/Green-B,00843D,FFFFFF,10032,Rapid Transit,line-Green, ,"Tram, Streetcar, Light rail",13995.7877628893
242,0.118450492201,8000013,Green-B,1,B,Green Line B,Rapid Transit,0,https://www.mbta.com/schedules/Green-B,00843D,FFFFFF,10032,Rapid Transit,line-Green, ,"Tram, Streetcar, Light rail",13958.934252453
243,0.0451986832903,899_0005,Mattapan,1, ,Mattapan Trolley,Rapid Transit,0,https://www.mbta.com/schedules/Mattapan,DA291C,FFFFFF,10011,Rapid Transit,line-Mattapan, ,"Tram, Streetcar, Light rail",5501.58196678979
244,0.0451475248965,899_0008,Mattapan,1, ,Mattapan Trolley,Rapid Transit,0,https://www.mbta.com/schedules/Mattapan,DA291C,FFFFFF,10011,Rapid Transit,line-Mattapan, ,"Tram, Streetcar, Light rail",5495.78017011843
245,0.173816808513,903_0017,Orange,1, ,Orange Line,Rapid Transit,1,https://www.mbta.com/schedules/Orange,ED8B00,FFFFFF,10020,Rapid Transit,line-Orange, ,"Subway, Metro",24080.1033673735
246,0.173816829668,903_0018,Orange,1, ,Orange Line,Rapid Transit,1,https://www.mbta.com/schedules/Orange,ED8B00,FFFFFF,10020,Rapid Transit,line-Orange, ,"Subway, Metro",24080.10485562
247,0.139761036273,913_0010,Orange,1, ,Orange Line,Rapid Transit,1,https://www.mbta.com/schedules/Orange,ED8B00,FFFFFF,10020,Rapid Transit,line-Orange, ,"Subway, Metro",19014.745919177
248,0.198302738897,931_0009,Red,1, ,Red Line,Rapid Transit,1,https://www.mbta.com/schedules/Red,DA291C,FFFFFF,10010,Rapid Transit,line-Red, ,"Subway, Metro",25880.7372388081
249,0.198304977021,931_0010,Red,1, ,Red Line,Rapid Transit,1,https://www.mbta.com/schedules/Red,DA291C,FFFFFF,10010,Rapid Transit,line-Red, ,"Subway, Metro",25881.0581229454
250,0.290451530144,933_0009,Red,1, ,Red Line,Rapid Transit,1,https://www.mbta.com/schedules/Red,DA291C,FFFFFF,10010,Rapid Transit,line-Red, ,"Subway, Metro",38630.1549753869
251,0.290451529879,933_0010,Red,1, ,Red Line,Rapid Transit,1,https://www.mbta.com/schedules/Red,DA291C,FFFFFF,10010,Rapid Transit,line-Red, ,"Subway, Metro",38630.1547661452
252,0.101806867308,946_0013,Blue,1, ,Blue Line,Rapid Transit,1,https://www.mbta.com/schedules/Blue,003DA5,FFFFFF,10040,Rapid Transit,line-Blue, ,"Subway, Metro",13042.5544715778
253,0.101812228053,946_0014,Blue,1, ,Blue Line,Rapid Transit,1,https://www.mbta.com/schedules/Blue,003DA5,FFFFFF,10040,Rapid Transit,line-Blue, ,"Subway, Metro",13043.3384759129
254,0.0678545620168,948_0005,Blue,1, ,Blue Line,Rapid Transit,1,https://www.mbta.com/schedules/Blue,003DA5,FFFFFF,10040,Rapid Transit,line-Blue, ,"Subway, Metro",8325.96715328733
255,0.580705079302,9790001,CR-Kingston,1, ,Kingston Line,Commuter Rail,2,https://www.mbta.com/schedules/CR-Kingston,80276C,FFFFFF,20007,Commuter Rail,line-Kingston, ,Rail,76438.7431420497
256,0.580705079302,9790002,CR-Kingston,1, ,Kingston Line,Commuter Rail,2,https://www.mbta.com/schedules/CR-Kingston,80276C,FFFFFF,20007,Commuter Rail,line-Kingston, ,Rail,76438.7431420496
257,0.545143713052,9800001,CR-Middleborough,1, ,Middleborough/Lakeville Line,Commuter Rail,2,https://www.mbta.com/schedules/CR-Middleborough,80276C,FFFFFF,20009,Commuter Rail,line-Middleborough, ,Rail,77327.4066793348
258,0.545143713052,9800002,CR-Middleborough,1, ,Middleborough/Lakeville Line,Commuter Rail,2,https://www.mbta.com/schedules/CR-Middleborough,80276C,FFFFFF,20009,Commuter Rail,line-Middleborough, ,Rail,77327.4066793348
259,0.572471897517,9810001,CR-Newburyport,1, ,Newburyport/Rockport Line,Commuter Rail,2,https://www.mbta.com/schedules/CR-Newburyport,80276C,FFFFFF,20011,Commuter Rail,line-Newburyport, ,Rail,79312.2586385052
260,0.572471897517,9810002,CR-Newburyport,1, ,Newburyport/Rockport Line,Commuter Rail,2,https://www.mbta.com/schedules/CR-Newburyport,80276C,FFFFFF,20011,Commuter Rail,line-Newburyport, ,Rail,79312.2586385053
261,0.610962587754,9810006,CR-Newburyport,1, ,Newburyport/Rockport Line,Commuter Rail,2,https://www.mbta.com/schedules/CR-Newburyport,80276C,FFFFFF,20011,Commuter Rail,line-Newburyport, ,Rail,77074.4038428654
262,0.610962587754,9810007,CR-Newburyport,1, ,Newburyport/Rockport Line,Commuter Rail,2,https://www.mbta.com/schedules/CR-Newburyport,80276C,FFFFFF,20011,Commuter Rail,line-Newburyport, ,Rail,77074.4038428653
263,0.519528106581,9820001,CR-Haverhill,1, ,Haverhill Line,Commuter Rail,2,https://www.mbta.com/schedules/CR-Haverhill,80276C,FFFFFF,20006,Commuter Rail,line-Haverhill, ,Rail,71953.0893939669
264,0.519528106581,9820002,CR-Haverhill,1, ,Haverhill Line,Commuter Rail,2,https://www.mbta.com/schedules/CR-Haverhill,80276C,FFFFFF,20006,Commuter Rail,line-Haverhill, ,Rail,71953.089393967
265,0.528405770777,9820003,CR-Haverhill,1, ,Haverhill Line,Commuter Rail,2,https://www.mbta.com/schedules/CR-Haverhill,80276C,FFFFFF,20006,Commuter Rail,line-Haverhill, ,Rail,72787.9031132817
266,0.528405770777,9820004,CR-Haverhill,1, ,Haverhill Line,Commuter Rail,2,https://www.mbta.com/schedules/CR-Haverhill,80276C,FFFFFF,20006,Commuter Rail,line-Haverhill, ,Rail,72787.9031132817
267,0.420344046787,9830005,CR-Lowell,1, ,Lowell Line,Commuter Rail,2,https://www.mbta.com/schedules/CR-Lowell,80276C,FFFFFF,20008,Commuter Rail,line-Lowell, ,Rail,55093.8786634221
268,0.420344046787,9830006,CR-Lowell,1, ,Lowell Line,Commuter Rail,2,https://www.mbta.com/schedules/CR-Lowell,80276C,FFFFFF,20008,Commuter Rail,line-Lowell, ,Rail,55093.8786634222
269,0.949384635057,9840003,CR-Fitchburg,1, ,Fitchburg Line,Commuter Rail,2,https://www.mbta.com/schedules/CR-Fitchburg,80276C,FFFFFF,20002,Commuter Rail,line-Fitchburg, ,Rail,116672.882313954
270,0.949384635057,9840004,CR-Fitchburg,1, ,Fitchburg Line,Commuter Rail,2,https://www.mbta.com/schedules/CR-Fitchburg,80276C,FFFFFF,20002,Commuter Rail,line-Fitchburg, ,Rail,116672.882313954
271,0.821068754734,9850001,CR-Worcester,1, ,Framingham/Worcester Line,Commuter Rail,2,https://www.mbta.com/schedules/CR-Worcester,80276C,FFFFFF,20003,Commuter Rail,line-Worcester, ,Rail,96559.0582879182
272,0.821068754734,9850002,CR-Worcester,1, ,Framingham/Worcester Line,Commuter Rail,2,https://www.mbta.com/schedules/CR-Worcester,80276C,FFFFFF,20003,Commuter Rail,line-Worcester, ,Rail,96559.0582879181
273,0.23883760238,9860001,CR-Needham,1, ,Needham Line,Commuter Rail,2,https://www.mbta.com/schedules/CR-Needham,80276C,FFFFFF,20010,Commuter Rail,line-Needham, ,Rail,29651.023118212
274,0.23883760238,9860002,CR-Needham,1, ,Needham Line,Commuter Rail,2,https://www.mbta.com/schedules/CR-Needham,80276C,FFFFFF,20010,Commuter Rail,line-Needham, ,Rail,29651.023118212
275,0.145642079875,9870001,CR-Fairmount,1, ,Fairmount Line,Commuter Rail,2,https://www.mbta.com/schedules/CR-Fairmount,80276C,FFFFFF,20001,Commuter Rail,line-Fairmount, ,Rail,19980.9186220395
276,0.145642079875,9870002,CR-Fairmount,1, ,Fairmount Line,Commuter Rail,2,https://www.mbta.com/schedules/CR-Fairmount,80276C,FFFFFF,20001,Commuter Rail,line-Fairmount, ,Rail,19980.9186220395
277,0.512826655992,9880003,CR-Franklin,1, ,Franklin Line,Commuter Rail,2,https://www.mbta.com/schedules/CR-Franklin,80276C,FFFFFF,20004,Commuter Rail,line-Franklin, ,Rail,65019.3072827982
278,0.519319147081,9880005,CR-Franklin,1, ,Franklin Line,Commuter Rail,2,https://www.mbta.com/schedules/CR-Franklin,80276C,FFFFFF,20004,Commuter Rail,line-Franklin, ,Rail,66041.2319448734
279,0.519319147081,9880006,CR-Franklin,1, ,Franklin Line,Commuter Rail,2,https://www.mbta.com/schedules/CR-Franklin,80276C,FFFFFF,20004,Commuter Rail,line-Franklin, ,Rail,66041.2319448734
280,0.298785418165,9890003,CR-Providence,1, ,Providence/Stoughton Line,Commuter Rail,2,https://www.mbta.com/schedules/CR-Providence,80276C,FFFFFF,20012,Commuter Rail,line-Providence, ,Rail,41170.3013136414
281,0.298785418165,9890004,CR-Providence,1, ,Providence/Stoughton Line,Commuter Rail,2,https://www.mbta.com/schedules/CR-Providence,80276C,FFFFFF,20012,Commuter Rail,line-Providence, ,Rail,41170.3013136414
282,0.986996753208,9890008,CR-Providence,1, ,Providence/Stoughton Line,Commuter Rail,2,https://www.mbta.com/schedules/CR-Providence,80276C,FFFFFF,20012,Commuter Rail,line-Providence, ,Rail,136202.237389699
283,0.986996753817,9890009,CR-Providence,1, ,Providence/Stoughton Line,Commuter Rail,2,https://www.mbta.com/schedules/CR-Providence,80276C,FFFFFF,20012,Commuter Rail,line-Providence, ,Rail,136202.23743999
284,0.474856058871,9900001,CR-Greenbush,1, ,Greenbush Line,Commuter Rail,2,https://www.mbta.com/schedules/CR-Greenbush,80276C,FFFFFF,20005,Commuter Rail,line-Greenbush, ,Rail,60327.2266478944
285,0.474856058871,9900002,CR-Greenbush,1, ,Greenbush Line,Commuter Rail,2,https://www.mbta.com/schedules/CR-Greenbush,80276C,FFFFFF,20005,Commuter Rail,line-Greenbush, ,Rail,60327.2266478943
286,0.203593931633,b0001,Boat-F1,1, ,Hingham/Hull Ferry,Ferry,4,https://www.mbta.com/schedules/Boat-F1,008EAA,FFFFFF,30002,Ferry,line-Boat-F1, ,Ferry,26136.8626728685
287,0.152408608074,b0002,Boat-F1,1, ,Hingham/Hull Ferry,Ferry,4,https://www.mbta.com/schedules/Boat-F1,008EAA,FFFFFF,30002,Ferry,line-Boat-F1, ,Ferry,18541.5513095867
288,0.152408608074,b0003,Boat-F1,1, ,Hingham/Hull Ferry,Ferry,4,https://www.mbta.com/schedules/Boat-F1,008EAA,FFFFFF,30002,Ferry,line-Boat-F1, ,Ferry,18541.5513095867
289,0.18860297692,b0009,Boat-F1,1, ,Hingham/Hull Ferry,Ferry,4,https://www.mbta.com/schedules/Boat-F1,008EAA,FFFFFF,30002,Ferry,line-Boat-F1, ,Ferry,24198.0462661238
290,0.181431904171,b0012,Boat-F1,1, ,Hingham/Hull Ferry,Ferry,4,https://www.mbta.com/schedules/Boat-F1,008EAA,FFFFFF,30002,Ferry,line-Boat-F1, ,Ferry,23308.3414643738
291,0.181431904171,b0013,Boat-F1,1, ,Hingham/Hull Ferry,Ferry,4,https://www.mbta.com/schedules/Boat-F1,008EAA,FFFFFF,30002,Ferry,line-Boat-F1, ,Ferry,23308.3414643738
292,0.179353517067,b0014,Boat-F1,1, ,Hingham/Hull Ferry,Ferry,4,https://www.mbta.com/schedules/Boat-F1,008EAA,FFFFFF,30002,Ferry,line-Boat-F1, ,Ferry,22936.9668911382
293,0.179353517067,b0015,Boat-F1,1, ,Hingham/Hull Ferry,Ferry,4,https://www.mbta.com/schedules/Boat-F1,008EAA,FFFFFF,30002,Ferry,line-Boat-F1, ,Ferry,22936.9668911382
294,0.203593931633,b0016,Boat-F1,1, ,Hingham/Hull Ferry,Ferry,4,https://www.mbta.com/schedules/Boat-F1,008EAA,FFFFFF,30002,Ferry,line-Boat-F1, ,Ferry,26136.8626728685
295,0.0191507052148,b0017,Boat-F4,1, ,Charlestown Ferry,Ferry,4,https://www.mbta.com/schedules/Boat-F4,008EAA,FFFFFF,30001,Ferry,line-Boat-F4, ,Ferry,2577.43616882073
296,0.0191507052148,b0018,Boat-F4,1, ,Charlestown Ferry,Ferry,4,https://www.mbta.com/schedules/Boat-F4,008EAA,FFFFFF,30001,Ferry,line-Boat-F4, ,Ferry,2577.43616882073
297,0.159545991605,b0021,Boat-F1,1, ,Hingham/Hull Ferry,Ferry,4,https://www.mbta.com/schedules/Boat-F1,008EAA,FFFFFF,30002,Ferry,line-Boat-F1, ,Ferry,19425.76379683
